ID,Vc,Ke,Kpc,Kcp,USUBJID
1,18.3271918994676,1.02203543520718,0.0116721031787701,0.0110057780054962,1
2,13.8526062117043,0.505902438162607,0.00418998967050054,0.00752397453857708,2
3,14.2643228212451,1.17073386235044,0.113500980321011,0.0389409021470712,3
4,25.4783833633738,0.930956762561077,0.00962927441687646,0.0148224605777743,4
5,25.5810466725994,0.748572750303642,0.119772664430393,0.00281030514751293,5
6,16.5521802376065,1.58209729767314,0.0432616837816385,0.0202032333059664,6
7,21.3918215521657,1.20755975313803,0.0343819644914039,0.0458924089535693,7
8,8.41527801205601,1.43431149382695,0.126415727656783,0.0516137455108185,8
9,18.0928350061915,1.06196788273438,0.0800344061646711,0.00491003465720634,9
10,23.8173268452539,1.26005250172824,0.0143179348769452,0.0233895240668494,10
11,35.111284529281,0.706489088210296,0.0059309874988405,0.0102294104474787,11
12,7.47261689112641,0.792339105360505,0.11491155411199,0.765385418547448,12
13,0.700062248754032,0.55170896843728,0.00242155619346064,0.000169566130114965,13
14,3.62485442978557,0.622426155280644,0.00158672380411618,0.00703275617576958,14
15,0.968502447583262,0.47621690779774,0.0720595414413301,0.0201177195958061,15
16,24.9501967413444,0.764147397243832,0.0155566665334337,0.00640405849627527,16
17,6.49505662938571,1.17782154821225,0.029245943108009,0.0113001308730844,17
18,3.72690788792891,1.6262959034833,0.00622006933900427,0.014744130417623,18
19,8.58751300674258,0.53852486145334,0.0339496442739713,0.00433121056559136,19
20,17.4720860145321,0.861533437269754,0.0241757379615742,0.107646185707094,20
21,24.2385989502908,0.803599103551445,0.0128200177791802,0.00413945027315965,21
